{"_timestamp":1.7289767750261583e+09,"_runtime":1.207551018,"_step":7999,"_wandb":{"runtime":1},"loss":28}