{"_wandb":{"runtime":1},"loss":9,"_timestamp":1.728976784322418e+09,"_runtime":1.410135678,"_step":7999}