{"_step":7999,"loss":16,"_wandb":{"runtime":1},"_timestamp":1.7289764509558582e+09,"_runtime":1.781035376}