{"_wandb":{"runtime":1},"loss":14,"epoch":7999,"_timestamp":1.7289785540794806e+09,"_runtime":1.124522547,"_step":7999}