{"loss":[],"recall":1,"_timestamp":1.7289752743334732e+09,"_runtime":23.685730919,"_step":2000,"precision":0.5128205128205128,"_wandb":{"runtime":23},"F1":0.6779661016949152,"accuracy":0.5128205128205128}