{"_timestamp":1.7289759923310862e+09,"_wandb":{"runtime":1},"_runtime":1.510574316,"_step":7999,"loss":10}