{"_step":7999,"loss":20,"epoch":7999,"_timestamp":1.7289796779467864e+09,"_runtime":28.324081505,"_wandb":{"runtime":28}}