{"loss":39,"_timestamp":1.7289767594920895e+09,"_runtime":1.064878999,"_step":7999,"_wandb":{"runtime":1}}