{"F1":0.6779661016949152,"precision":0.5128205128205128,"_step":2000,"_runtime":1.099087058,"recall":1,"loss":[],"accuracy":0.5128205128205128,"_wandb":{"runtime":1},"_timestamp":1.7289753780447059e+09}