color,x,y
red,-1.254598811526375,-4.7941550570419755
red,4.507143064099161,4.699098521619943
green,2.3199394181140507,3.324426408004218
green,0.986584841970366,-2.8766088932172384
green,-3.439813595575635,-3.181750327928994
green,-3.4400547966379733,-3.165954901465662
green,-4.419163878318005,-1.9575775704046228
red,3.6617614577493516,0.24756431632237863
green,1.0111501174320878,-0.6805498135788426
green,2.0807257779604544,-2.0877085980195806
