{"F1":0.6779661016949152,"_wandb":{"runtime":0},"loss":[],"precision":0.5128205128205128,"_step":2000,"recall":1,"_runtime":0.991945625,"accuracy":0.5128205128205128,"_timestamp":1.728975416979336e+09}