{"_wandb":{"runtime":1},"_timestamp":1.7289755270449758e+09,"_runtime":1.120332022,"_step":7999,"loss":52}